-- ========================================
-- 샘플 데이터 - 기본 테이블 (상품 제외)
-- ========================================

-- 기존 데이터 정리 (개발 환경용)
TRUNCATE TABLE p_user_address CASCADE;
TRUNCATE TABLE p_user_profile CASCADE;
TRUNCATE TABLE p_user_refresh_token CASCADE;
TRUNCATE TABLE p_user CASCADE;
TRUNCATE TABLE p_store_rating CASCADE;
TRUNCATE TABLE p_store CASCADE;
TRUNCATE TABLE p_product_category CASCADE;

-- ========================================
-- 1. 사용자 데이터 (판매자 5명 + 고객 10명)
-- ========================================

-- 판매자(OWNER) 5명
INSERT INTO p_user (id, username, email, password_hash, role, is_active, created_at, updated_at) VALUES
('11111111-1111-1111-1111-111111111111'::uuid, 'seller01', 'seller01@example.com', '$2a$10$abcdefghijklmnopqrstuvwxyz123456', 'OWNER', true, '2024-01-01 10:00:00+09', '2024-01-01 10:00:00+09'),
('22222222-2222-2222-2222-222222222222'::uuid, 'seller02', 'seller02@example.com', '$2a$10$abcdefghijklmnopqrstuvwxyz123456', 'OWNER', true, '2024-01-02 10:00:00+09', '2024-01-02 10:00:00+09'),
('33333333-3333-3333-3333-333333333333'::uuid, 'seller03', 'seller03@example.com', '$2a$10$abcdefghijklmnopqrstuvwxyz123456', 'OWNER', true, '2024-01-03 10:00:00+09', '2024-01-03 10:00:00+09'),
('44444444-4444-4444-4444-444444444444'::uuid, 'seller04', 'seller04@example.com', '$2a$10$abcdefghijklmnopqrstuvwxyz123456', 'OWNER', true, '2024-01-04 10:00:00+09', '2024-01-04 10:00:00+09'),
('55555555-5555-5555-5555-555555555555'::uuid, 'seller05', 'seller05@example.com', '$2a$10$abcdefghijklmnopqrstuvwxyz123456', 'OWNER', true, '2024-01-05 10:00:00+09', '2024-01-05 10:00:00+09');

-- 고객(CUSTOMER) 10명
INSERT INTO p_user (id, username, email, password_hash, role, is_active, created_at, updated_at) VALUES
('a1111111-1111-1111-1111-111111111111'::uuid, 'customer01', 'customer01@example.com', '$2a$10$abcdefghijklmnopqrstuvwxyz123456', 'CUSTOMER', true, '2024-01-10 10:00:00+09', '2024-01-10 10:00:00+09'),
('a2222222-2222-2222-2222-222222222222'::uuid, 'customer02', 'customer02@example.com', '$2a$10$abcdefghijklmnopqrstuvwxyz123456', 'CUSTOMER', true, '2024-01-11 10:00:00+09', '2024-01-11 10:00:00+09'),
('a3333333-3333-3333-3333-333333333333'::uuid, 'customer03', 'customer03@example.com', '$2a$10$abcdefghijklmnopqrstuvwxyz123456', 'CUSTOMER', true, '2024-01-12 10:00:00+09', '2024-01-12 10:00:00+09'),
('a4444444-4444-4444-4444-444444444444'::uuid, 'customer04', 'customer04@example.com', '$2a$10$abcdefghijklmnopqrstuvwxyz123456', 'CUSTOMER', true, '2024-01-13 10:00:00+09', '2024-01-13 10:00:00+09'),
('a5555555-5555-5555-5555-555555555555'::uuid, 'customer05', 'customer05@example.com', '$2a$10$abcdefghijklmnopqrstuvwxyz123456', 'CUSTOMER', true, '2024-01-14 10:00:00+09', '2024-01-14 10:00:00+09'),
('a6666666-6666-6666-6666-666666666666'::uuid, 'customer06', 'customer06@example.com', '$2a$10$abcdefghijklmnopqrstuvwxyz123456', 'CUSTOMER', true, '2024-01-15 10:00:00+09', '2024-01-15 10:00:00+09'),
('a7777777-7777-7777-7777-777777777777'::uuid, 'customer07', 'customer07@example.com', '$2a$10$abcdefghijklmnopqrstuvwxyz123456', 'CUSTOMER', true, '2024-01-16 10:00:00+09', '2024-01-16 10:00:00+09'),
('a8888888-8888-8888-8888-888888888888'::uuid, 'customer08', 'customer08@example.com', '$2a$10$abcdefghijklmnopqrstuvwxyz123456', 'CUSTOMER', true, '2024-01-17 10:00:00+09', '2024-01-17 10:00:00+09'),
('a9999999-9999-9999-9999-999999999999'::uuid, 'customer09', 'customer09@example.com', '$2a$10$abcdefghijklmnopqrstuvwxyz123456', 'CUSTOMER', true, '2024-01-18 10:00:00+09', '2024-01-18 10:00:00+09'),
('aaaaaaaa-aaaa-aaaa-aaaa-aaaaaaaaaaaa'::uuid, 'customer10', 'customer10@example.com', '$2a$10$abcdefghijklmnopqrstuvwxyz123456', 'CUSTOMER', true, '2024-01-19 10:00:00+09', '2024-01-19 10:00:00+09');

-- ========================================
-- 2. 사용자 프로필 데이터
-- ========================================

-- 판매자 프로필
INSERT INTO p_user_profile (id, user_id, full_name, phone_number, contact_email, default_address, created_at, updated_at) VALUES
('b1111111-1111-1111-1111-111111111111'::uuid, '11111111-1111-1111-1111-111111111111'::uuid, '김철수', '010-1111-1111', 'kim.cs@business.com', '서울시 강남구 테헤란로 123', '2024-01-01 10:00:00+09', '2024-01-01 10:00:00+09'),
('b2222222-2222-2222-2222-222222222222'::uuid, '22222222-2222-2222-2222-222222222222'::uuid, '이영희', '010-2222-2222', 'lee.yh@business.com', '서울시 서초구 서초대로 456', '2024-01-02 10:00:00+09', '2024-01-02 10:00:00+09'),
('b3333333-3333-3333-3333-333333333333'::uuid, '33333333-3333-3333-3333-333333333333'::uuid, '박민수', '010-3333-3333', 'park.ms@business.com', '경기도 성남시 분당구 판교로 789', '2024-01-03 10:00:00+09', '2024-01-03 10:00:00+09'),
('b4444444-4444-4444-4444-444444444444'::uuid, '44444444-4444-4444-4444-444444444444'::uuid, '최지은', '010-4444-4444', 'choi.je@business.com', '인천시 연수구 송도대로 321', '2024-01-04 10:00:00+09', '2024-01-04 10:00:00+09'),
('b5555555-5555-5555-5555-555555555555'::uuid, '55555555-5555-5555-5555-555555555555'::uuid, '정태호', '010-5555-5555', 'jung.th@business.com', '경기도 용인시 수지구 광교로 654', '2024-01-05 10:00:00+09', '2024-01-05 10:00:00+09');

-- 고객 프로필 (일부만)
INSERT INTO p_user_profile (id, user_id, full_name, phone_number, contact_email, default_address, created_at, updated_at) VALUES
('c1111111-1111-1111-1111-111111111111'::uuid, 'a1111111-1111-1111-1111-111111111111'::uuid, '홍길동', '010-1234-5678', null, '서울시 마포구 와우산로 100', '2024-01-10 10:00:00+09', '2024-01-10 10:00:00+09'),
('c2222222-2222-2222-2222-222222222222'::uuid, 'a2222222-2222-2222-2222-222222222222'::uuid, '김나라', '010-2345-6789', null, '경기도 고양시 일산동구 중앙로 200', '2024-01-11 10:00:00+09', '2024-01-11 10:00:00+09'),
('c3333333-3333-3333-3333-333333333333'::uuid, 'a3333333-3333-3333-3333-333333333333'::uuid, '이서준', '010-3456-7890', null, '부산시 해운대구 해운대로 300', '2024-01-12 10:00:00+09', '2024-01-12 10:00:00+09');

-- ========================================
-- 3. 사용자 주소 데이터
-- ========================================

INSERT INTO p_user_address (id, user_id, label, recipient_name, phone_number, postal_code, address_line1, address_line2, is_default, created_at, updated_at) VALUES
('d1111111-1111-1111-1111-111111111111'::uuid, 'a1111111-1111-1111-1111-111111111111'::uuid, '집', '홍길동', '010-1234-5678', '04104', '서울시 마포구 와우산로 100', '101동 202호', true, '2024-01-10 10:00:00+09', '2024-01-10 10:00:00+09'),
('d2222222-2222-2222-2222-222222222222'::uuid, 'a1111111-1111-1111-1111-111111111111'::uuid, '회사', '홍길동', '010-1234-5678', '06611', '서울시 서초구 서초대로 77', '5층 개발팀', false, '2024-01-15 10:00:00+09', '2024-01-15 10:00:00+09'),
('d3333333-3333-3333-3333-333333333333'::uuid, 'a2222222-2222-2222-2222-222222222222'::uuid, '집', '김나라', '010-2345-6789', '10403', '경기도 고양시 일산동구 중앙로 200', '205동 1502호', true, '2024-01-11 10:00:00+09', '2024-01-11 10:00:00+09');

-- ========================================
-- 4. 스토어 데이터 (5개)
-- ========================================

INSERT INTO p_store (id, owner_user_id, name, description, status, created_at, updated_at) VALUES
('a1111111-1111-1111-1111-111111111111'::uuid, '11111111-1111-1111-1111-111111111111'::uuid, '테크마켓', '최신 전자제품과 가젯을 판매하는 전문 스토어입니다.', 'REGISTERED', '2024-01-01 10:00:00+09', '2024-01-01 10:00:00+09'),
('a1222222-2222-2222-2222-222222222222'::uuid, '22222222-2222-2222-2222-222222222222'::uuid, '패션플러스', '트렌디한 의류와 액세서리를 제공하는 패션 전문점입니다.', 'REGISTERED', '2024-01-02 10:00:00+09', '2024-01-02 10:00:00+09'),
('a1333333-3333-3333-3333-333333333333'::uuid, '33333333-3333-3333-3333-333333333333'::uuid, '홈리빙365', '생활용품과 인테리어 소품을 판매하는 라이프스타일 샵입니다.', 'REGISTERED', '2024-01-03 10:00:00+09', '2024-01-03 10:00:00+09'),
('a1444444-4444-4444-4444-444444444444'::uuid, '44444444-4444-4444-4444-444444444444'::uuid, '뷰티올', '화장품과 뷰티 디바이스를 전문으로 하는 뷰티 스토어입니다.', 'REGISTERED', '2024-01-04 10:00:00+09', '2024-01-04 10:00:00+09'),
('a1555555-5555-5555-5555-555555555555'::uuid, '55555555-5555-5555-5555-555555555555'::uuid, '스포츠프로', '운동용품과 스포츠웨어를 판매하는 스포츠 전문점입니다.', 'REGISTERED', '2024-01-05 10:00:00+09', '2024-01-05 10:00:00+09');

-- ========================================
-- 5. 스토어 평점 데이터
-- ========================================

INSERT INTO p_store_rating (id, store_id, average_rating, review_count, launched_at, created_at, updated_at) VALUES
('a2111111-1111-1111-1111-111111111111'::uuid, 'a1111111-1111-1111-1111-111111111111'::uuid, 4.5, 127, '2024-01-10 10:00:00+09', '2024-01-10 10:00:00+09', '2024-10-01 10:00:00+09'),
('a2222222-2222-2222-2222-222222222222'::uuid, 'a1222222-2222-2222-2222-222222222222'::uuid, 4.3, 89, '2024-01-11 10:00:00+09', '2024-01-11 10:00:00+09', '2024-10-01 10:00:00+09'),
('a2333333-3333-3333-3333-333333333333'::uuid, 'a1333333-3333-3333-3333-333333333333'::uuid, 4.7, 156, '2024-01-12 10:00:00+09', '2024-01-12 10:00:00+09', '2024-10-01 10:00:00+09'),
('a2444444-4444-4444-4444-444444444444'::uuid, 'a1444444-4444-4444-4444-444444444444'::uuid, 4.6, 203, '2024-01-13 10:00:00+09', '2024-01-13 10:00:00+09', '2024-10-01 10:00:00+09'),
('a2555555-5555-5555-5555-555555555555'::uuid, 'a1555555-5555-5555-5555-555555555555'::uuid, 4.4, 98, '2024-01-14 10:00:00+09', '2024-01-14 10:00:00+09', '2024-10-01 10:00:00+09');

-- ========================================
-- 6. 상품 카테고리 데이터
-- ========================================

-- 1차 카테고리 (10개)
INSERT INTO p_product_category (id, name, parent_category_id, depth, created_at, updated_at) VALUES
('ac471111-1111-1111-1111-111111111111'::uuid, '전자제품', null, 0, '2024-01-01 10:00:00+09', '2024-01-01 10:00:00+09'),
('ac472222-2222-2222-2222-222222222222'::uuid, '패션', null, 0, '2024-01-01 10:00:00+09', '2024-01-01 10:00:00+09'),
('ac473333-3333-3333-3333-333333333333'::uuid, '뷰티', null, 0, '2024-01-01 10:00:00+09', '2024-01-01 10:00:00+09'),
('ac474444-4444-4444-4444-444444444444'::uuid, '스포츠/레저', null, 0, '2024-01-01 10:00:00+09', '2024-01-01 10:00:00+09'),
('ac475555-5555-5555-5555-555555555555'::uuid, '홈/리빙', null, 0, '2024-01-01 10:00:00+09', '2024-01-01 10:00:00+09'),
('ac476666-6666-6666-6666-666666666666'::uuid, '식품', null, 0, '2024-01-01 10:00:00+09', '2024-01-01 10:00:00+09'),
('ac477777-7777-7777-7777-777777777777'::uuid, '도서/문구', null, 0, '2024-01-01 10:00:00+09', '2024-01-01 10:00:00+09'),
('ac478888-8888-8888-8888-888888888888'::uuid, '유아/아동', null, 0, '2024-01-01 10:00:00+09', '2024-01-01 10:00:00+09'),
('ac479999-9999-9999-9999-999999999999'::uuid, '반려동물', null, 0, '2024-01-01 10:00:00+09', '2024-01-01 10:00:00+09'),
('ac47aaaa-aaaa-aaaa-aaaa-aaaaaaaaaaaa'::uuid, '자동차용품', null, 0, '2024-01-01 10:00:00+09', '2024-01-01 10:00:00+09');

-- 2차 카테고리 - 전자제품
INSERT INTO p_product_category (id, name, parent_category_id, depth, created_at, updated_at) VALUES
('a5db1111-1111-1111-1111-111111111111'::uuid, '스마트폰', 'ac471111-1111-1111-1111-111111111111'::uuid, 1, '2024-01-01 10:00:00+09', '2024-01-01 10:00:00+09'),
('a5db1111-2222-2222-2222-222222222222'::uuid, '노트북', 'ac471111-1111-1111-1111-111111111111'::uuid, 1, '2024-01-01 10:00:00+09', '2024-01-01 10:00:00+09'),
('a5db1111-3333-3333-3333-333333333333'::uuid, '태블릿', 'ac471111-1111-1111-1111-111111111111'::uuid, 1, '2024-01-01 10:00:00+09', '2024-01-01 10:00:00+09'),
('a5db1111-4444-4444-4444-444444444444'::uuid, '이어폰', 'ac471111-1111-1111-1111-111111111111'::uuid, 1, '2024-01-01 10:00:00+09', '2024-01-01 10:00:00+09'),
('a5db1111-5555-5555-5555-555555555555'::uuid, '스마트워치', 'ac471111-1111-1111-1111-111111111111'::uuid, 1, '2024-01-01 10:00:00+09', '2024-01-01 10:00:00+09');

-- 2차 카테고리 - 패션
INSERT INTO p_product_category (id, name, parent_category_id, depth, created_at, updated_at) VALUES
('a5db2222-1111-1111-1111-111111111111'::uuid, '남성의류', 'ac472222-2222-2222-2222-222222222222'::uuid, 1, '2024-01-01 10:00:00+09', '2024-01-01 10:00:00+09'),
('a5db2222-2222-2222-2222-222222222222'::uuid, '여성의류', 'ac472222-2222-2222-2222-222222222222'::uuid, 1, '2024-01-01 10:00:00+09', '2024-01-01 10:00:00+09'),
('a5db2222-3333-3333-3333-333333333333'::uuid, '신발', 'ac472222-2222-2222-2222-222222222222'::uuid, 1, '2024-01-01 10:00:00+09', '2024-01-01 10:00:00+09'),
('a5db2222-4444-4444-4444-444444444444'::uuid, '가방', 'ac472222-2222-2222-2222-222222222222'::uuid, 1, '2024-01-01 10:00:00+09', '2024-01-01 10:00:00+09'),
('a5db2222-5555-5555-5555-555555555555'::uuid, '액세서리', 'ac472222-2222-2222-2222-222222222222'::uuid, 1, '2024-01-01 10:00:00+09', '2024-01-01 10:00:00+09');

-- 2차 카테고리 - 뷰티
INSERT INTO p_product_category (id, name, parent_category_id, depth, created_at, updated_at) VALUES
('a5db3333-1111-1111-1111-111111111111'::uuid, '스킨케어', 'ac473333-3333-3333-3333-333333333333'::uuid, 1, '2024-01-01 10:00:00+09', '2024-01-01 10:00:00+09'),
('a5db3333-2222-2222-2222-222222222222'::uuid, '메이크업', 'ac473333-3333-3333-3333-333333333333'::uuid, 1, '2024-01-01 10:00:00+09', '2024-01-01 10:00:00+09'),
('a5db3333-3333-3333-3333-333333333333'::uuid, '향수', 'ac473333-3333-3333-3333-333333333333'::uuid, 1, '2024-01-01 10:00:00+09', '2024-01-01 10:00:00+09'),
('a5db3333-4444-4444-4444-444444444444'::uuid, '헤어케어', 'ac473333-3333-3333-3333-333333333333'::uuid, 1, '2024-01-01 10:00:00+09', '2024-01-01 10:00:00+09'),
('a5db3333-5555-5555-5555-555555555555'::uuid, '바디케어', 'ac473333-3333-3333-3333-333333333333'::uuid, 1, '2024-01-01 10:00:00+09', '2024-01-01 10:00:00+09');

-- 2차 카테고리 - 스포츠/레저
INSERT INTO p_product_category (id, name, parent_category_id, depth, created_at, updated_at) VALUES
('a5db4444-1111-1111-1111-111111111111'::uuid, '운동복', 'ac474444-4444-4444-4444-444444444444'::uuid, 1, '2024-01-01 10:00:00+09', '2024-01-01 10:00:00+09'),
('a5db4444-2222-2222-2222-222222222222'::uuid, '운동화', 'ac474444-4444-4444-4444-444444444444'::uuid, 1, '2024-01-01 10:00:00+09', '2024-01-01 10:00:00+09'),
('a5db4444-3333-3333-3333-333333333333'::uuid, '헬스/피트니스', 'ac474444-4444-4444-4444-444444444444'::uuid, 1, '2024-01-01 10:00:00+09', '2024-01-01 10:00:00+09'),
('a5db4444-4444-4444-4444-444444444444'::uuid, '요가/필라테스', 'ac474444-4444-4444-4444-444444444444'::uuid, 1, '2024-01-01 10:00:00+09', '2024-01-01 10:00:00+09'),
('a5db4444-5555-5555-5555-555555555555'::uuid, '캠핑용품', 'ac474444-4444-4444-4444-444444444444'::uuid, 1, '2024-01-01 10:00:00+09', '2024-01-01 10:00:00+09');

-- 2차 카테고리 - 홈/리빙
INSERT INTO p_product_category (id, name, parent_category_id, depth, created_at, updated_at) VALUES
('a5db5555-1111-1111-1111-111111111111'::uuid, '가구', 'ac475555-5555-5555-5555-555555555555'::uuid, 1, '2024-01-01 10:00:00+09', '2024-01-01 10:00:00+09'),
('a5db5555-2222-2222-2222-222222222222'::uuid, '침구류', 'ac475555-5555-5555-5555-555555555555'::uuid, 1, '2024-01-01 10:00:00+09', '2024-01-01 10:00:00+09'),
('a5db5555-3333-3333-3333-333333333333'::uuid, '주방용품', 'ac475555-5555-5555-5555-555555555555'::uuid, 1, '2024-01-01 10:00:00+09', '2024-01-01 10:00:00+09'),
('a5db5555-4444-4444-4444-444444444444'::uuid, '인테리어소품', 'ac475555-5555-5555-5555-555555555555'::uuid, 1, '2024-01-01 10:00:00+09', '2024-01-01 10:00:00+09'),
('a5db5555-5555-5555-5555-555555555555'::uuid, '욕실용품', 'ac475555-5555-5555-5555-555555555555'::uuid, 1, '2024-01-01 10:00:00+09', '2024-01-01 10:00:00+09');

-- 2차 카테고리 - 식품 (나머지 카테고리는 간단히)
INSERT INTO p_product_category (id, name, parent_category_id, depth, created_at, updated_at) VALUES
('a5db6666-1111-1111-1111-111111111111'::uuid, '건강식품', 'ac476666-6666-6666-6666-666666666666'::uuid, 1, '2024-01-01 10:00:00+09', '2024-01-01 10:00:00+09'),
('a5db6666-2222-2222-2222-222222222222'::uuid, '차/커피', 'ac476666-6666-6666-6666-666666666666'::uuid, 1, '2024-01-01 10:00:00+09', '2024-01-01 10:00:00+09'),
('a5db6666-3333-3333-3333-333333333333'::uuid, '과자/스낵', 'ac476666-6666-6666-6666-666666666666'::uuid, 1, '2024-01-01 10:00:00+09', '2024-01-01 10:00:00+09'),
('a5db6666-4444-4444-4444-444444444444'::uuid, '즉석식품', 'ac476666-6666-6666-6666-666666666666'::uuid, 1, '2024-01-01 10:00:00+09', '2024-01-01 10:00:00+09'),
('a5db6666-5555-5555-5555-555555555555'::uuid, '음료', 'ac476666-6666-6666-6666-666666666666'::uuid, 1, '2024-01-01 10:00:00+09', '2024-01-01 10:00:00+09');

-- 2차 카테고리 - 도서/문구
INSERT INTO p_product_category (id, name, parent_category_id, depth, created_at, updated_at) VALUES
('a5db7777-1111-1111-1111-111111111111'::uuid, '소설', 'ac477777-7777-7777-7777-777777777777'::uuid, 1, '2024-01-01 10:00:00+09', '2024-01-01 10:00:00+09'),
('a5db7777-2222-2222-2222-222222222222'::uuid, '자기계발', 'ac477777-7777-7777-7777-777777777777'::uuid, 1, '2024-01-01 10:00:00+09', '2024-01-01 10:00:00+09'),
('a5db7777-3333-3333-3333-333333333333'::uuid, '필기구', 'ac477777-7777-7777-7777-777777777777'::uuid, 1, '2024-01-01 10:00:00+09', '2024-01-01 10:00:00+09'),
('a5db7777-4444-4444-4444-444444444444'::uuid, '노트/다이어리', 'ac477777-7777-7777-7777-777777777777'::uuid, 1, '2024-01-01 10:00:00+09', '2024-01-01 10:00:00+09'),
('a5db7777-5555-5555-5555-555555555555'::uuid, '사무용품', 'ac477777-7777-7777-7777-777777777777'::uuid, 1, '2024-01-01 10:00:00+09', '2024-01-01 10:00:00+09');

-- 2차 카테고리 - 유아/아동
INSERT INTO p_product_category (id, name, parent_category_id, depth, created_at, updated_at) VALUES
('a5db8888-1111-1111-1111-111111111111'::uuid, '유아의류', 'ac478888-8888-8888-8888-888888888888'::uuid, 1, '2024-01-01 10:00:00+09', '2024-01-01 10:00:00+09'),
('a5db8888-2222-2222-2222-222222222222'::uuid, '장난감', 'ac478888-8888-8888-8888-888888888888'::uuid, 1, '2024-01-01 10:00:00+09', '2024-01-01 10:00:00+09'),
('a5db8888-3333-3333-3333-333333333333'::uuid, '기저귀/물티슈', 'ac478888-8888-8888-8888-888888888888'::uuid, 1, '2024-01-01 10:00:00+09', '2024-01-01 10:00:00+09'),
('a5db8888-4444-4444-4444-444444444444'::uuid, '유모차/카시트', 'ac478888-8888-8888-8888-888888888888'::uuid, 1, '2024-01-01 10:00:00+09', '2024-01-01 10:00:00+09'),
('a5db8888-5555-5555-5555-555555555555'::uuid, '교육완구', 'ac478888-8888-8888-8888-888888888888'::uuid, 1, '2024-01-01 10:00:00+09', '2024-01-01 10:00:00+09');

-- 2차 카테고리 - 반려동물
INSERT INTO p_product_category (id, name, parent_category_id, depth, created_at, updated_at) VALUES
('a5db9999-1111-1111-1111-111111111111'::uuid, '강아지용품', 'ac479999-9999-9999-9999-999999999999'::uuid, 1, '2024-01-01 10:00:00+09', '2024-01-01 10:00:00+09'),
('a5db9999-2222-2222-2222-222222222222'::uuid, '고양이용품', 'ac479999-9999-9999-9999-999999999999'::uuid, 1, '2024-01-01 10:00:00+09', '2024-01-01 10:00:00+09'),
('a5db9999-3333-3333-3333-333333333333'::uuid, '사료/간식', 'ac479999-9999-9999-9999-999999999999'::uuid, 1, '2024-01-01 10:00:00+09', '2024-01-01 10:00:00+09'),
('a5db9999-4444-4444-4444-444444444444'::uuid, '장난감', 'ac479999-9999-9999-9999-999999999999'::uuid, 1, '2024-01-01 10:00:00+09', '2024-01-01 10:00:00+09'),
('a5db9999-5555-5555-5555-555555555555'::uuid, '위생용품', 'ac479999-9999-9999-9999-999999999999'::uuid, 1, '2024-01-01 10:00:00+09', '2024-01-01 10:00:00+09');

-- 2차 카테고리 - 자동차용품
INSERT INTO p_product_category (id, name, parent_category_id, depth, created_at, updated_at) VALUES
('a5dbaaaa-1111-1111-1111-111111111111'::uuid, '차량관리용품', 'ac47aaaa-aaaa-aaaa-aaaa-aaaaaaaaaaaa'::uuid, 1, '2024-01-01 10:00:00+09', '2024-01-01 10:00:00+09'),
('a5dbaaaa-2222-2222-2222-222222222222'::uuid, '차량인테리어', 'ac47aaaa-aaaa-aaaa-aaaa-aaaaaaaaaaaa'::uuid, 1, '2024-01-01 10:00:00+09', '2024-01-01 10:00:00+09'),
('a5dbaaaa-3333-3333-3333-333333333333'::uuid, '네비게이션', 'ac47aaaa-aaaa-aaaa-aaaa-aaaaaaaaaaaa'::uuid, 1, '2024-01-01 10:00:00+09', '2024-01-01 10:00:00+09'),
('a5dbaaaa-4444-4444-4444-444444444444'::uuid, '블랙박스', 'ac47aaaa-aaaa-aaaa-aaaa-aaaaaaaaaaaa'::uuid, 1, '2024-01-01 10:00:00+09', '2024-01-01 10:00:00+09'),
('a5dbaaaa-5555-5555-5555-555555555555'::uuid, '차량액세서리', 'ac47aaaa-aaaa-aaaa-aaaa-aaaaaaaaaaaa'::uuid, 1, '2024-01-01 10:00:00+09', '2024-01-01 10:00:00+09');